{
    "name": "xylem38ball_wi",
    "vendorId": "0xFEED",
    "productId": "0x0000",
    "matrix": {
        "rows": 4,
        "cols": 12
    },
    "layouts": {
        "labels": [
            [
                "Layout",
                "LAYOUT"
            ]
        ],
        "keymap": [
            [
                "0,0\n\n\n0,0",
                "0,1\n\n\n0,0",
                "0,2\n\n\n0,0",
                "0,3\n\n\n0,0",
                "0,4\n\n\n0,0",
                {
                    "x": 3
                },
                "0,7\n\n\n0,0",
                "0,8\n\n\n0,0",
                "0,9\n\n\n0,0",
                "0,10\n\n\n0,0",
                "0,11\n\n\n0,0"
            ],
            [
                "1,0\n\n\n0,0",
                "1,1\n\n\n0,0",
                "1,2\n\n\n0,0",
                "1,3\n\n\n0,0",
                "1,4\n\n\n0,0",
                {
                    "x": 3
                },
                "1,7\n\n\n0,0",
                "1,8\n\n\n0,0",
                "1,9\n\n\n0,0",
                "1,10\n\n\n0,0",
                "1,11\n\n\n0,0"
            ],
            [
                "2,0\n\n\n0,0",
                "2,1\n\n\n0,0",
                "2,2\n\n\n0,0",
                "2,3\n\n\n0,0",
                "2,4\n\n\n0,0",
                {
                    "x": 3
                },
                "2,7\n\n\n0,0",
                "2,8\n\n\n0,0",
                "2,9\n\n\n0,0",
                "2,10\n\n\n0,0",
                "2,11\n\n\n0,0"
            ],
            [
                {
                    "x": 6,
                    "y": 1.5
                },
                "3,6\n\n\n0,0"
            ],
            [
                {
                    "r": 20,
                    "rx": 0.9511637612698802,
                    "ry": 3.359143617944212
                },
                "3,1\n\n\n0,0"
            ],
            [
                {
                    "r": 20,
                    "rx": 1.9511637612698802,
                    "ry": 3.484143617944212
                },
                "3,2\n\n\n0,0"
            ],
            [
                {
                    "r": -20,
                    "rx": 11.109143617944211,
                    "ry": 3.7011637612698802
                },
                "3,10\n\n\n0,0"
            ],
            [
                {
                    "r": 20,
                    "rx": 2.9511637612698802,
                    "ry": 3.734143617944212
                },
                "3,3\n\n\n0,0"
            ],
            [
                {
                    "r": 20,
                    "rx": 3.9511637612698802,
                    "ry": 3.984143617944211
                },
                "3,4\n\n\n0,0"
            ],
            [
                {
                    "r": 20,
                    "rx": 4.95116376126988,
                    "ry": 4.234143617944211
                },
                "3,5\n\n\n0,0"
            ],
            [
                {
                    "r": -20,
                    "rx": 7.109143617944211,
                    "ry": 4.57616376126988
                },
                "3,7\n\n\n0,0"
            ]
        ]
    }
}